Comedy,Action ,Horror,Animation,Adventure
Comedy1,Action1,Horror1,Animation1,Adventure1
Comedy2,Action2,Horror2,Animation2,Adventure2
Comedy3,Action3,Horror3,Animation3,Adventure3
Comedy4,Action4,Horror4,Animation4,Adventure4
Comedy5,Action5,Horror5,Animation5,Adventure5
Comedy6,Action6,Horror6,Animation6,Adventure6
Comedy7,Action7,Horror7,Animation7,Adventure7
Comedy8,Action8,Horror8,Animation8,Adventure8
Comedy9,Action9,Horror9,Animation9,Adventure9
Comedy10,Action10,Horror10,Animation10,Adventure10
Comedy11,Action11,Horror11,Animation11,Adventure11
Comedy12,Action12,Horror12,Animation12,Adventure12
Comedy13,Action13,Horror13,Animation13,Adventure13
Comedy14,Action14,Horror14,Animation14,Adventure14
Comedy15,Action15,Horror15,Animation15,Adventure15
